Episode ID,Thread ID,Thread,Episode summary,Lifecycle stage,Primary technical code,Ecosystem modifiers,Evidence form,Detectability,Consequence / analytical outcome,Resolution class,Public artifact,Counterexample to,Source URL,First post anchor,Coding confidence,Coding note
T26-E3,26,Automation Report Data,Participants recommend structured databases because future cross-run questions cannot be anticipated.,Data analysis,B5,B1,Architecture recommendation,Post-run,A concise final report is insufficient for longitudinal analysis,Partial,SQL/database practice,B1; B5,https://labautomation.io/t/automation-report-data/779,,High,Positive pattern: structured retention enables later diagnosis.
T32-E1,32,Error catching for composite functions,Tip pickup and aspiration complete before a destination-lid state error prevents dispensing.,Execution,B6,B3; B5,Partial-execution incident,Runtime,Valuable liquid remains in tips and state must be restored manually,Open,None,,https://labautomation.io/t/error-catching-for-composite-functions/3354,,High,Canonical irreversible-prefix episode.
T32-E2,32,Error catching for composite functions,"Discussion considers assertions, prevalidation, and queuing the operation sequence to expose modeled-state errors before dispatch.",Validation,B8,B6,Design proposal,Static / simulation,Some partial-execution failures may be preventable before physical action,Open design,Queueing and validation concept,B6,https://labautomation.io/t/error-catching-for-composite-functions/3354,,High,Positive design direction; implementation outcome not confirmed.
T32-E3,32,Error catching for composite functions,Participants distinguish errors detectable from common state from firmware-format and backend-specific errors.,Execution monitoring,B5,B6,Technical distinction,Runtime,Not every failure can be shifted into compile-time or simulation checks,Open,None,,https://labautomation.io/t/error-catching-for-composite-functions/3354,,High,"Supports detection-layer coding. B2 modifier removed: the interface works, and the episode is about which layer can detect an error rather than about reaching the device."
T33-E1,33,Scheduling Software Toy Problem,"The initial multi-user scenario specifies devices, capacities, and durations but omits scientific disposition and timing constraints.",Requirements,B7,B10,Toy benchmark,Design-time,No exact schedule can be judged from the stated information,Open,Public toy problem,,https://labautomation.io/t/scheduling-software-toy-problem/1580,,High,Denominator for Constraint Completeness becomes explicit.
T33-E2,33,Scheduling Software Toy Problem,"Replies add assay timing, storage tolerance, interruptibility, priorities, disposal, and whether samples can remain in particular devices.",Requirements,B7,B10,Constraint elicitation,Design-time,Scientific constraints determine feasible schedules,Open,Expanded scenario,,https://labautomation.io/t/scheduling-software-toy-problem/1580,,High,Strong context-expansion pattern outside AI.
T33-E3,33,Scheduling Software Toy Problem,"A participant proposes a standardized method for naming assets, processes, timings, dependencies, and priorities.",Representation,B7,B1,Ontology proposal,Design-time,Comparable scheduling requires a shared input representation,Open,Ontology proposal,B1; B7,https://labautomation.io/t/scheduling-software-toy-problem/1580,,High,Positive contribution emerging from an underdetermined toy problem.
T33-E4,33,Scheduling Software Toy Problem,Discussion notes that even advanced workcells depend on baseline laboratory competence and operating policies.,Operations,B7,B10,Practitioner judgment,Runtime / organizational,Technical scheduling cannot compensate for every planning or handling failure,Open,None,,https://labautomation.io/t/scheduling-software-toy-problem/1580,,Medium,Human-policy constraint; should not be coded as a software defect.
T36-E1,36,Unit Tests,"A practitioner isolates robot subprocesses, such as lid removal, and calls the resulting checks unit tests.",Validation,B8,B10,Practice description,Dry / hardware test,Small reusable checks accelerate debugging,Confirmed practice,Reusable test procedure,B8,https://labautomation.io/t/unit-tests/3481,,High,Positive practice; label remains disputed.
T36-E2,36,Unit Tests,"Another participant argues that hardware-involved checks are functional, integration, or system tests, especially in regulated environments.",Validation,B8,B10,Terminology critique,All stages,The same label is used for evidence supporting different claims,Open,Terminology distinction,,https://labautomation.io/t/unit-tests/3481,,High,"TCA must ignore the label and code object, environment, evidence, and claim."
T36-E3,36,Unit Tests,"The discussion converges on reusable components with defined inputs and outputs across liquid handling, integration, and orchestration.",Design,B8,B1; B10,Design recommendation,Design-time,Modularity enables targeted tests despite incomplete early requirements,Partial,Reusable-component approach,B8,https://labautomation.io/t/unit-tests/3481,,High,Counterexample: community converges on a testable design principle.
T37-E1,37,AI Assisted Method Writing,The initiating post argues that liquid handling has a finite action vocabulary and a constrained solution space.,AI method design,B9,,Initial claim,Design-time,The method-generation problem is framed as lower-dimensional than general software,Open,None,,https://labautomation.io/t/ai-assisted-method-writing/7218,,High,Baseline for Context Expansion Ratio.
T37-E2,37,AI Assisted Method Writing,"Replies enumerate rates, touch-off, droplets, viscosity, conductivity, timing, liquid classes, geometry, and biological damage.",AI method design,B9,B4; B8,Constraint expansion,Design-time / wet run,The physically relevant option space is much larger than the action vocabulary,Open,Community requirements list,,https://labautomation.io/t/ai-assisted-method-writing/7218?page=2,,High,Direct material-context expansion.
T37-E3,37,AI Assisted Method Writing,A practitioner states that human operators must feed observed physical results back into the AI after tests.,AI iteration,B9,B5; B8,Practitioner observation,Wet run,Physical feedback remains necessary for method refinement,Open,None,,https://labautomation.io/t/ai-assisted-method-writing/7218?page=2,,High,Separates code-generation feedback from physical feedback.
T37-E4,37,AI Assisted Method Writing,Participants identify sparse access to install-base data and point to community sharing as an important source of future training evidence.,Data / community,B9,B1; B10,Ecosystem observation,Post-run / longitudinal,Model improvement is constrained by inaccessible and non-standardized operational data,Open,Forum and GitHub sharing proposed,,https://labautomation.io/t/ai-assisted-method-writing/7218?page=2,,High,"Data availability is a modifier, not itself proof of model failure."
T38-E1,38,VerisFlow v0.4 Release,The developer reports that 92 of 100 randomly generated worklist cases produced methods whose simulation traces matched the source worklists.,AI evaluation,B9,B8,Product-reported experiment,Simulation,"Evidence supports a defined simulation-trace claim, not wet execution",Product-reported,Public test data and trace tool,,https://labautomation.io/t/verisflow-v0-4-release-ai-powered-hsl-method-generation-achieves-92-success-rate/6593,,High,"Record exact denominator, test generation process, and deepest validation stage. Not recorded as a counterexample: a product-reported result that reaches simulation depth only contradicts no construct."
T38-E2,38,VerisFlow v0.4 Release,A community reply requests AI-generated HSL unit tests runnable in a Git pipeline with simulation control.,Validation,B8,B9; B3,Evaluation request,Simulation / CI,Generation and regression coverage remain separate capabilities,Open,Requested testing framework,,https://labautomation.io/t/verisflow-v0-4-release-ai-powered-hsl-method-generation-achieves-92-success-rate/6593,,High,Positive community pressure toward stronger evaluation.
T38-E3,38,VerisFlow v0.4 Release,"The surrounding project discussion identifies native API, complete method-artifact, and error-handling limitations beyond HSL generation.",Deployment,B2,B3; B9,Infrastructure limitation,Deployment / runtime,Simulation-valid code does not constitute a complete production method system,Partial,Subsequent tools and releases,,https://labautomation.io/t/verisflow-v0-4-release-ai-powered-hsl-method-generation-achieves-92-success-rate/6593,,Medium,Use conservative wording because some limitations are addressed in later releases.
T55-E1,55,Venus feature requests,Users request dynamic fields and report cases where variable-volume aliquot steps are ignored in simulation without an error.,Validation,B8,B3,Requirements and incident report,Simulation,Simulation can fail to expose invalid or ignored behavior,Open,Vendor feedback thread,,https://labautomation.io/t/venus-feature-requests/248,,High,Explicit simulation false-negative concern.
T55-E2,55,Venus feature requests,"Multiple users request native runtime recovery, remembered state, and the ability to resume after crashes.",Recovery,B6,B3; B5,Requirements collection,Runtime,Current recovery semantics are perceived as insufficient for stateful physical workflows,Open,External recovery example linked,,https://labautomation.io/t/venus-feature-requests/248,,High,Distinguish requested product capability from existing custom workarounds.
T55-E3,55,Venus feature requests,"Requests include method versioning, JSON labware schemas, searchable logging, headless testing, and improved HSL documentation.",Platform architecture,B3,B4; B5; B8; B10,Requirements collection,Design / deployment,"Users independently request separable, testable, machine-readable artifacts",Open,Consolidated requirements record,,https://labautomation.io/t/venus-feature-requests/248,,High,One thread contains several distinct mechanism episodes.
T55-E4,55,Venus feature requests,"Vendor representatives participate, clarify existing capabilities, request precise examples, and route feedback to product management.",Community support,B10,B1,Vendor-community interaction,Design-time,Some perceived gaps are discoverability problems; others become structured product feedback,Partial,Clarifications and feedback channel,B1; B10,https://labautomation.io/t/venus-feature-requests/248,,High,Important counterexample to a one-sided account of vendor closure.
