Code,Bottleneck,Analytical layer,Qualitative finding,Bounded quantitative result,Strongest relationship,Short anonymized quotation,Forum reference,Positive / negative case,Primary community contribution,Prospective operational metric,Evidence maturity,Publication-safe claim,Main limitation,Key source 1,Key source 2,Key source 3
B1,Knowledge packaging and canonicalization,Ecosystem,"Useful solutions often remain embedded in threads or migrate to Slack, direct messages, private support, or local files. Strong post-mortems show that public canonicalization is achievable.",29 of 55 purposively selected threads directly supported B1; no prevalence estimate. Canonicalization rate remains the intended outcome metric.,Hypothesized reduction in recurrence and clarification burden after publication of a maintained artifact.,Finding labware is a mess.,Database storing common Labware specifications (Aug 2022),"The 50 µL tip post-mortem converted a cross-machine failure into dated diagnosis, merged corrections, and a reusable public record.","Resolved-knowledge index with version, applicability, evidence grade, supersession, and maintainer fields.",Repeated-question rate and median clarification turns before versus after canonical artifact publication.,Strong qualitative; quantitative outcome not yet calculated.,The forum repeatedly exposes a gap between solving a problem and preserving the solution as a maintained public artifact.,Private resolution and off-forum migration censor public outcomes.,https://labautomation.io/t/database-storing-common-labware-dwps-etc-specifications/103,https://labautomation.io/t/50ul-tip-troubleshooting-report-post-mortem/3009,https://labautomation.io/t/contributing-to-plr-documentation/3054
B2,Driver and interface accessibility,Interface / representation,"Integration feasibility depends on discoverable documentation, usable APIs or protocols, licence clarity, isolated testing, examples, and identifiable maintenance. Driver existence alone is insufficient.",Mean IAS 63.9% across six bounded device–interface cases; isolated testing averaged 25%; 50% produced a positive public artifact or structured pathway.,"B2–B7 phi 0.409, lift 2.157: interface accessibility is an enabling condition for orchestration.",Documentation on drivers is lacking.,User feedback on Schedulers (May 2024),"PyLabRobot plate-reader support provides a public API, executable example, and contribution path; Cellario provides a structured commercial DDK.",Device-integration accessibility registry with component-level scores and version-bound evidence.,"Hours to first successful command, production-ready integration time, failed dispatches, and compatibility-recovery time.",High for bounded cases.,Public interface accessibility varies materially across integration paths and constrains which devices can be used reliably by higher-level orchestration.,Purposive cases do not support vendor rankings or reliability comparisons.,https://labautomation.io/t/release-plate-reader-support-in-pylabrobot-starting-with-clariostar/881,https://labautomation.io/t/driver-development-tips-for-cellario-scheduler/5336,https://labautomation.io/t/tecan-driver-framework-licence/7297
B3,"Method, configuration, calibration, and runtime entanglement",Interface / representation,"Vendor environments frequently mix portable method intent with generated identifiers, internal databases, physical teaching, compiled artifacts, recovery workspaces, and active runtime state.","Mean RMC 54.2% across three deployment objects; 20.8% of applicable fields were fully bound, 62.5% partially represented, and 16.7% absent.",Mechanistic hypothesis: incomplete deployment identity increases execution ambiguity and recovery burden.,This is a runtime state file.,Tecan Fluent Version Control (git) (Sep 2025),"Community explanations identify VENUS file roles and source-control boundaries, but complete execution manifests remain absent.",Method and configuration bill of materials with immutable identifiers and explicit exclusions for transient runtime state.,"Cross-machine reproduction, rollback success, configuration-related incidents, and time to determine what changed.",High for field-level pilot.,"Versioning method source does not fully identify a laboratory deployment when calibration, external resources, software versions, and runtime state remain unbound.",Manifest completeness does not establish scientific reproducibility or correctness of recorded values.,https://labautomation.io/t/tecan-fluent-version-control-git/6636,https://labautomation.io/t/venus-source-control-best-practices/4777,https://labautomation.io/t/version-control-of-hamilton-liquid-classes/1577
B4,Incomplete physical-resource definitions,Interface / representation,"Reliable physical resources require identity, geometry, coordinate semantics, nesting, material, tolerance, provenance, device validation, and sometimes independent reproduction.",Mean PDC 67.0% across four cases; median evidence grade 2.5/4; 50% device-validated; 25% independently reproduced.,"B4–B8 phi 0.316, lift 1.781: representation credibility is coupled to validation.",This attribute has so far been completely missing in PLR.,PLR Carrier z-Height Issue (2024),"The 50 µL tip case reached evidence grade 4 through cross-user failure, diagnosis, correction, and merged fixes.","Evidence-bearing physical-resource registry separating declared, measured, device-validated, and independently reproduced fields.","Definition-related faults per 1,000 runs, cross-machine success, measurement disagreement, and correction latency.",High for incident-rich cases.,Physical-resource portability claims require both field completeness and bounded evidence about the device and configuration on which the definition was tested.,A validated definition is not universally portable; material and tolerance evidence are underrepresented.,https://labautomation.io/t/50ul-tip-troubleshooting-report-post-mortem/3009,https://labautomation.io/t/plr-carrier-z-height-issue/3056,https://labautomation.io/t/plr-lid-definition/3837
B5,Fragmented observability and evidence semantics,Runtime coordination,"Logs and telemetry are most useful when commands, observations, sample identities, state changes, interventions, recoveries, and outcomes are linked through stable semantics.",Mean OC 52.5% across four cases; 50% localized first divergence; none fully recorded final material or result disposition.,B5–B6 phi 0.452 and B5–B8 phi 0.424: strongest observed relationships concern recovery and validation.,Capture everything—and only surface what you need today.,Automation Report Data (Nov 2022),"Cross-contamination tracking translates material history into explicit state, although logical history is not a measured concentration.","Minimal laboratory-automation event schema with stable run, material, command, observation, intervention, and recovery identifiers.","Time to diagnosis, incidents diagnosable without reproduction, final disposition completeness, and adjudicator agreement.",High for bounded cases.,"Observability supports diagnosis and claim adjudication only when observations are linked to material identity, state transitions, interventions, and acceptance rules.",Telemetry volume does not establish physical truth or causal attribution.,https://labautomation.io/t/automation-report-data/779,https://labautomation.io/t/cross-contamination-tracking-in-plr/3695,https://labautomation.io/t/atypical-hamilton-tadm-curves/7165
B6,Partial execution and recovery,Runtime coordination,"Physical execution can fail after irreversible actions, leaving material in transit and software and physical states misaligned. Recovery must record material disposition and scientific validity separately from run continuation.",Complete-case PPR 66.7% across four scenarios; sensitivity 50.0%–75.0%; Wilson interval 20.8%–93.9%.,"B5–B6 is the strongest pairwise relationship: phi 0.452, lift 2.353.",I might have valuable liquid in my tips.,Error catching for composite functions (Apr 2024),"A custom abort-handler example returns material under a bounded software-error scenario, showing that recovery must be scenario-specific.","Recovery incident record with irreversible prefix, last confirmed state, uncertain resources, permitted actions, actual action, and final disposition.","Time to verified safe state, salvage rate, unresolved-state count, intervention burden, and recurrence after recovery.",High mechanism evidence; small denominator.,Selected incidents support a mechanism in which incomplete execution evidence constrains safe recovery after irreversible physical actions.,The pilot does not estimate laboratory-wide preventability or general recovery success.,https://labautomation.io/t/error-catching-for-composite-functions/3354,https://labautomation.io/t/return-volume-after-method-abort/3201,https://labautomation.io/t/error-recovery-script-example/252
B7,Scheduling requirements and capability ambiguity,Runtime coordination,"Scheduler comparisons remain underdetermined when tasks, precedence, capacities, timing windows, stability, interruptibility, priorities, disposition, and failure policies are incomplete.",Weighted opening constraint completeness 53.8%; strict completeness 38.5%; discovery rate 87.5%; scenario-specific resolution 0%.,"B2–B7 phi 0.409, lift 2.157: device accessibility constrains the executable scheduling space.",Information about constraints becomes critical.,Scheduling Software Toy Problem (May 2023),"The toy problem generated a shared representation requirement for assets, timings, dependencies, and priorities.",Scheduler capability ladder and benchmark suite with fully specified scientific and operational constraints.,"Makespan, tardiness, expiry violations, resource utilization, replanning latency, and recovery after device failure.",High conceptual evidence.,"The forum is effective at discovering missing scheduling constraints, although the analyzed toy problem never becomes a fully specified benchmark instance.",Constraint completeness does not evaluate scheduler quality or optimality.,https://labautomation.io/t/scheduling-software-toy-problem/1580,https://labautomation.io/t/user-feedback-on-schedulers/1106,https://labautomation.io/t/galago-open-source-scheduler/6701
B8,Testing and validation semantics,Evaluation,"The term test is used across software, hardware, process, and assay levels. Claims become defensible only when the object, environment, acceptance rule, observed evidence, and scope are aligned.",Mean element completeness 73.3% across six bounded claims; 33.3% fully aligned; 83.3% at least partially aligned.,B5–B8 phi 0.424; B4–B8 phi 0.316; B8–B9 phi 0.302.,It may be called a functional test instead.,Unit Tests (Apr 2024),The VerisFlow 92/100 result is aligned when described narrowly as simulation-trace agreement; the 50 µL post-mortem is aligned to the documented resource failure.,"Validation ladder and claim ledger binding each result to logic, interface, simulation, dry, wet, assay, or production-monitoring stages.","False-pass rate, defect-detection stage, test–claim alignment, and adjudicator agreement.",High for bounded claim set.,"Simulation, software-state tests, wet-process tests, and assay validation support different conclusions and should be reported separately.",A high number of tests or a simulation pass rate does not establish wet or assay performance.,https://labautomation.io/t/unit-tests/3481,https://labautomation.io/t/verisflow-v0-4-release-ai-powered-hsl-method-generation-achieves-92-success-rate/6593,https://labautomation.io/t/liquid-handling-proof-of-no-contamination/7281
B9,AI context and physical-feedback gap,Emerging AI,"The finite command vocabulary understates the physical and organizational context required for executable methods. Community replies add substantial execution, validation, integration, data, and governance context.","Core CER 2.0×; broad CER 3.4×; conservative CER 2.2×. VerisFlow reports 92/100 simulation-trace agreement, Wilson 85.0%–95.9%.","B8–B9 phi 0.302, lift 2.316; strong within a five-thread AI stratum.",The human operator still needs to feed back the AI.,AI Assisted Method Writing (Jan 2026),"The forum narrows the VerisFlow claim to simulation evidence and explicitly surfaces missing wet, artifact-generation, and error-handling layers.","AI-method benchmark with missing-context tasks, required clarification behavior, and stage-specific evaluation.","Human correction burden, physical trials, unsafe omission rate, wet-pass rate, assay-pass rate, and confidence calibration.",Emerging; small and selected stratum.,The selected AI discussions show that method-generation performance must be reported by validation stage and evaluated for context completeness.,The context-expansion result is not an AI error rate and does not imply every context class applies to every protocol.,https://labautomation.io/t/ai-assisted-method-writing/7218,https://labautomation.io/t/verisflow-v0-4-release-ai-powered-hsl-method-generation-achieves-92-success-rate/6593,https://labautomation.io/t/substack-post-about-ai-in-lab-automation/7347
B10,"Documentation, training, and support dependence",Ecosystem,"The dominant gap is rarely complete absence. Documentation is often undiscoverable, incomplete, restricted, version-specific, semantically opaque, or disconnected from examples, training, and responsive support.","Across 12 documentation-centered cases, 41.7% received fully actionable public resolution, 83.3% at least partial resolution, and 25% partly migrated privately.","Matched B2/B10 cases show negative descriptive correlation, but the measures share components and support convergent validity only.",This would have saved me so much time.,Ways to learn Hamilton HSL code? (Mar 2023),PLR documents a low-friction editing pathway; vendor responses explain VENUS file semantics and current APIs in public.,"Documentation-gap subtype dashboard and maintainership model with version binding, examples, correction path, and support ownership.","Time to independent deployment, clarification turns, support escalation, link rot, thread revival, and maintainer concentration.",High for subtype profile.,"The forum frequently converts hidden or opaque knowledge into actionable guidance, while persistent gaps cluster around detail, examples, support, access, and version currency.",Selected documentation cases do not estimate forum-wide documentation quality or user competence.,https://labautomation.io/t/ways-to-learn-hamilton-hsl-code/1156,https://labautomation.io/t/contributing-to-plr-documentation/3054,https://labautomation.io/t/understanding-the-6-main-files-in-venus/5161
