Case,Expected bottleneck challenged,Observed mechanism,Why it matters,Residual limitation,Evidence status,Source URL,Research use
Low-friction PLR documentation edits,B10,Maintainer explains local build commands and points to a page-level edit button.,"Shows that documentation contribution can be made accessible through explicit, lightweight pathways.",The thread itself was needed to discover the pathway.,Confirmed public workflow,https://labautomation.io/t/contributing-to-plr-documentation/3054,Use as a negative case when testing whether support dependence always prevents durable improvement.
50 µL tip post-mortem,B1 / B4 / B10,"Cross-machine failure is diagnosed, documented, dated, and converted into merged fixes.",Demonstrates successful transition from local incident to reusable public knowledge.,Does not prove all resource definitions have equivalent validation.,Confirmed post-mortem,https://labautomation.io/t/50ul-tip-troubleshooting-report-post-mortem/3009,Benchmark the ideal canonicalization pathway.
PLR plate-reader release,B2,"A public host-independent API, working example, and contribution guide are released.",Shows that device integration can be made reusable and extensible.,Initial feature coverage was limited and hardware-specific communication still mattered.,Public release,https://labautomation.io/t/release-plate-reader-support-in-pylabrobot-starting-with-clariostar/881,Counterexample to the claim that every instrument interface remains closed or platform-bound.
Cross-contamination state prototype,B5 / B8,"A user implements liquid-history tracking, reports test cases, and invites collaboration.",Shows that operational policy can be translated into explicit state and tests.,Formal policy coverage and broader validation were still incomplete.,Prototype with public discussion,https://labautomation.io/t/cross-contamination-tracking-in-plr/3695,Positive case for turning tacit laboratory policy into reusable software semantics.
Custom abort-handler recovery example,B6,Vendor participants provide concrete custom abort-handler logic and a trace demonstrating return-to-source behavior in a bounded scenario.,Refutes an absolute claim that material in tips can never be recovered after every abort.,Recovery remains scenario-dependent and may be unsafe after hardware crashes.,Concrete vendor example,https://labautomation.io/t/return-volume-after-method-abort/3201,Use to force scenario-specific recovery coding.
Galago public release,B2 / B7 / B10,"Documentation, installation instructions, package distribution, Docker images, and example drivers are made public.","Shows an integrated attempt to package scheduler, execution, drivers, and onboarding.",Product-reported deployment and capability claims still require common benchmarks.,Public project release,https://labautomation.io/t/galago-open-source-scheduler/6701,Counterexample to software releases lacking deployment artifacts.
Hidden HSL documentation surfaced,B10,A responder identifies built-in reference documentation that the requester had not found.,Shows that discoverability can be the blocker even when documentation exists.,The information architecture still failed the user before community intervention.,Confirmed discovery,https://labautomation.io/t/ways-to-learn-hamilton-hsl-code/1156,Separate documentation absence from documentation discoverability.
Vendor engagement in feature requests,B1 / B10,"Vendor staff clarify existing features, ask for concrete examples, and route feedback to product management.",Shows that public forum participation can convert complaints into clarification and structured requirements.,Participation does not establish implementation of every request.,Public vendor participation,https://labautomation.io/t/venus-feature-requests/248,Prevent a one-sided account of vendor-community interaction.
Shared scheduling ontology proposal,B7 / B1,"A participant proposes standard naming for assets, timings, dependencies, and priorities.",An underdetermined toy problem produces a reusable representation requirement.,No completed community benchmark is demonstrated in the thread.,Design proposal,https://labautomation.io/t/scheduling-software-toy-problem/1580,Positive case of discussion generating a higher-level artifact requirement.
Structured run-data retention,B5 / B1,Participants recommend SQL or database storage to preserve evidence for unanticipated future analyses.,Shows practitioner recognition that human-readable reports and analytical records serve different purposes.,A common event schema remains absent.,Practice recommendation,https://labautomation.io/t/automation-report-data/779,Counterexample to purely ad hoc textual logging.
