Code,Bottleneck,Short anonymized quotation,Attribution,Thread,Date,Source URL,Analytical use
B1,Knowledge packaging and canonicalization,Every aspect of lab automation is closed off from the outside world.,Anonymous practitioner,Welcome to Lab Automation Forums,Aug 2022,https://labautomation.io/t/welcome-to-lab-automation-forums/7,Founding rationale; systemic knowledge fragmentation.
B1,Knowledge packaging and canonicalization,Finding labware is a mess.,Anonymous practitioner,Database storing common Labware specifications,Aug 2022,https://labautomation.io/t/database-storing-common-labware-dwps-etc-specifications/103,Direct description of discovery burden.
B2,Driver and interface accessibility,Documentation on drivers is lacking.,Anonymous practitioner,User feedback on Schedulers,May 2024,https://labautomation.io/t/user-feedback-on-schedulers/1106,Driver availability alone does not ensure usable integration.
B2,Driver and interface accessibility,I immediately had to stop and work on other projects.,Anonymous practitioner,Temp control device - Venus,Jan 2024,https://labautomation.io/t/temp-control-device-venus/1284,Integration attempt halted after interface and expertise barriers.
B3,"Method, configuration, calibration, and runtime entanglement",This is a runtime state file.,Anonymous practitioner,Tecan Fluent Version Control (git),Sep 2025,https://labautomation.io/t/tecan-fluent-version-control-git/6636,Concise identification of source/runtime entanglement.
B3,"Method, configuration, calibration, and runtime entanglement",I regularly see this issue and don’t have a good fix.,Anonymous practitioner,Automatically Update Submethod Versions?,Apr 2024,https://labautomation.io/t/automatically-update-submethod-versions/3530,Recurring unresolved version-reference problem.
B4,Incomplete physical-resource definitions,This attribute has so far been completely missing in PLR.,Anonymous practitioner,PLR Carrier z-Height Issue,2024,https://labautomation.io/t/plr-carrier-z-height-issue/3056,Missing geometry field affected physical placement.
B4,Incomplete physical-resource definitions,other users couldn’t pick up the tip.,Anonymous practitioner,50ul Tip Troubleshooting Report / Post-Mortem,Feb 2024,https://labautomation.io/t/50ul-tip-troubleshooting-report-post-mortem/3009,Cross-machine failure of a shared resource definition; source capitalization retained.
B5,Fragmented observability and evidence semantics,Capture everything - and only surface only what you need today.,Anonymous practitioner,Automation Report Data,Nov 2022,https://labautomation.io/t/automation-report-data/779,Advocates structured retention with selective presentation; source repetition retained verbatim.
B5,Fragmented observability and evidence semantics,Measure current risk... then measure actual risk after deployment.,Anonymous practitioner,Liquid Handling Proof of No Contamination,Feb 2026,https://labautomation.io/t/liquid-handling-proof-of-no-contamination/7281,"Calls for baseline, prediction, and post-deployment measurement."
B6,Partial execution and recovery,I might have valuable liquid in my tips.,Anonymous practitioner,Error catching for composite functions,Apr 2024,https://labautomation.io/t/error-catching-for-composite-functions/3354,Material remains in transit after partial execution.
B6,Partial execution and recovery,there is NO WAY to recovery [sic] any solution in the tips.,Anonymous practitioner,Return volume after method abort,Jul 2025,https://labautomation.io/t/return-volume-after-method-abort/3201,Reported recovery limitation after abort; source grammar retained and marked.
B7,Scheduling requirements and capability ambiguity,information about constraints ... becomes critical.,Anonymous practitioner,Scheduling Software Toy Problem,May 2023,https://labautomation.io/t/scheduling-software-toy-problem/1580,Scheduling cannot be evaluated without scientific constraints; omitted words marked explicitly.
B7,Scheduling requirements and capability ambiguity,Depends on what you define as a scheduler.,Anonymous developer,Announcing UniteLabs platform for liquid handling,Apr 2024,https://labautomation.io/t/announcing-unitelabs-platform-for-liquid-handling/3361,"Terminology spans execution, workflow, and optimization capabilities."
B8,Testing and validation semantics,It may be called a functional test instead.,Anonymous practitioner,Unit Tests,Apr 2024,https://labautomation.io/t/unit-tests/3481,Testing labels differ across software and automation practice.
B8,Testing and validation semantics,How anyone unit tests anything produced or version controls their assays.,Anonymous practitioner,No-Code vs Code Interface Discussion,Oct 2024,https://labautomation.io/t/no-code-vs-code-interface-discussion/4810,Interface opacity complicates regression testing and source control.
B9,AI context and physical-feedback gap,you still need human awareness to make sure everything is working properly.,Anonymous practitioner,AI Assisted Method Writing,Jan 2026,https://labautomation.io/t/ai-assisted-method-writing/7218,Verified source wording describing the continuing physical-feedback role.
B9,AI context and physical-feedback gap,using AI to write wholesale production scripts that work perfectly out of the box is not a great use-case.,Anonymous practitioner,Substack post about AI in Lab Automation,Feb 2026,https://labautomation.io/t/substack-post-about-ai-in-lab-automation/7347,Distinguishes prototyping assistance from production readiness; opening words retained.
B10,"Documentation, training, and support dependence",This would have saved me so much time.,Anonymous practitioner,Ways to learn Hamilton HSL code?,Mar 2023,https://labautomation.io/t/ways-to-learn-hamilton-hsl-code/1156,Valuable documentation existed but was poorly discoverable.
B10,"Documentation, training, and support dependence",Venus ... can be tough if you don’t have any training ...,Anonymous practitioner,Programing Help: Hamilton,Apr 2024,https://labautomation.io/t/programing-help-hamilton/3527,Training and mentoring materially affect successful adoption; omitted words marked explicitly.
