Case,Thread,Absence,Access / restriction,Discoverability,Currency / version,Detail / completeness,Terminology / semantics,Examples / templates,Training / mentoring,Support responsiveness,Initial blocker central?,Public outcome,Actionable public resolution,Private migration,Interpretation,Source URL,Date,Confidence,Invalid inference
B10-C1,Ways to learn Hamilton HSL code?,0,1,1,0,0.5,0.5,0.5,0.5,0.5,Yes,"Resolved: built-in help, examples, and vendor clarification surfaced",Yes,No,"Documentation existed, but its location and support boundaries were not obvious.",https://labautomation.io/t/ways-to-learn-hamilton-hsl-code/1156,2023–2025,High,Does not imply the built-in reference is incomplete.
B10-C2,Programing Help: Hamilton,0.5,0.5,0.5,0,1,0.5,1,1,0.5,Yes,Partial: manuals and public resources supplied; file review partly moved to DM,Partial,Yes,"Training cost, unavailable manual, insufficient initial detail, and mentoring needs all shape the support episode.",https://labautomation.io/t/programing-help-hamilton/3527,2024,High,The user's initial post was also underspecified.
B10-C3,Driver development tips for Cellario Scheduler,0,0.5,0.5,0,1,0.5,1,0.5,0.5,Yes,"Partial: DDK, templates, examples, documentation, and contact path identified",Partial,Partial,Detailed knowledge exists mainly through a commercial DDK and developer contact.,https://labautomation.io/t/driver-development-tips-for-cellario-scheduler/5336,2025,High,Does not establish the DDK's price or quality.
B10-C4,Temp control device - Venus,0.5,1,0.5,0.5,1,0.5,0.5,0,0.5,Yes,Unresolved / paused after trace and reverse-engineering barriers,No,No,"Firmware documentation, connection-specific details, and implementation examples were insufficient for the original contributor.",https://labautomation.io/t/temp-control-device-venus/1284,2023–2024,High,Later maintainers may have progressed outside the reviewed thread.
B10-C5,Hamilton VENUS 6 COM Interface,0,0.5,1,1,1,0.5,0.5,0,0.5,Yes,Resolved: REST API and activation instructions identified,Yes,No,The immediate issue was current API discoverability after a major software-version transition.,https://labautomation.io/t/hamilton-venus-6-com-interface-different-from-venus-4/5834,2025,High,Does not establish complete API documentation or future stability.
B10-C6,Tecan Driver Framework Licence,0,1,0.5,0.5,1,0.5,0.5,0,0.5,Yes,Partial: licence path and workarounds explained; cost and state synchronization remain uncertain,Partial,Partial,"The central gap combines access restriction, licence clarity, and implementation detail.",https://labautomation.io/t/tecan-driver-framework-licence/7297,2026,High,Community estimates of price are not official quotations.
B10-C7,Venus Source Control Best Practices,0,0,0.5,0.5,1,1,0.5,0,0.5,Yes,Partial: file categories and transient-file rule clarified,Partial,No,The question is primarily about artifact semantics and operational completeness.,https://labautomation.io/t/venus-source-control-best-practices/4777,2024,High,A short thread cannot define a complete deployment manifest.
B10-C8,Understanding the 6 main files in VENUS,0,0.5,0.5,0.5,1,1,1,0,1,Yes,Resolved: detailed consolidated vendor explanation,Yes,No,A public vendor response converts opaque file extensions into a reusable technical record.,https://labautomation.io/t/understanding-the-6-main-files-in-venus/5161,2024,High,The explanation does not replace configuration-specific validation.
B10-C9,How to configure LiCONiC plate transfer nests,0.5,1,0.5,1,1,1,0.5,0,1,Yes,Unresolved across differing models; detailed reverse-engineering evidence accumulated,No,No,"Vendor support, obsolete tools, firmware differences, and model-specific register maps dominate the case.",https://labautomation.io/t/how-to-configure-liconic-plate-transfer-nests/7245,2026,High,Modified hardware and model differences limit generalization.
B10-C10,Contributing to PLR Documentation,0,0,1,0,0.5,0,1,0.5,1,Yes,Resolved positive case: local build and page-edit pathways documented,Yes,No,The thread lowers contribution friction and demonstrates a maintainable documentation pathway.,https://labautomation.io/t/contributing-to-plr-documentation/3054,2024,High,A contribution pathway does not establish complete documentation coverage.
B10-C11,User feedback on Schedulers,0.5,0.5,0.5,0.5,1,1,1,1,1,Yes,"Mixed: practitioner/vendor testimony and integration guide, no common comparison framework",Partial,No,"Drivers, training, deployment, and product terminology are difficult to compare through public evidence.",https://labautomation.io/t/user-feedback-on-schedulers/1106,2023–2024,High,Thread testimony cannot support vendor rankings.
B10-C12,Green Button Go Scheduler,0,0,0.5,0.5,0.5,0,0.5,1,1,Yes,"Resolved at the time: training modes, levels, and schedule clarified",Yes,No,The forum serves as a direct product-training information channel.,https://labautomation.io/t/green-button-go-scheduler/402,2022,High,The 2022 schedule is historical and should not be used as current availability.
